{
    "swagger": "2.0",
    "info": {
        "description": "Quera SMS-PANEL server",
        "title": "SMS-PANEL",
        "contact": {
            "name": "API Support",
            "url": "http://www.swagger.io/support",
            "email": "support@swagger.io"
        },
        "license": {
            "name": "Apache 2.0",
            "url": "http://www.apache.org/licenses/LICENSE-2.0.html"
        },
        "version": "1.0"
    },
    "host": "localhost:8080",
    "basePath": "/",
    "paths": {
        "/account/phone-books/": {
            "get": {
                "description": "Get all phone books for a given account ID",
                "consumes": [
                    "application/json"
                ],
                "produces": [
                    "application/json"
                ],
                "tags": [
                    "phonebook"
                ],
                "summary": "Get all phone books",
                "parameters": [
                    {
                        "type": "string",
                        "description": "Authorization Token",
                        "name": "Authorization",
                        "in": "header",
                        "required": true
                    }
                ],
                "responses": {
                    "200": {
                        "description": "OK",
                        "schema": {
                            "type": "array",
                            "items": {
                                "$ref": "#/definitions/handlers.PhoneBookResponse"
                            }
                        }
                    },
                    "500": {
                        "description": "Internal Server Error",
                        "schema": {
                            "$ref": "#/definitions/handlers.ErrorResponse"
                        }
                    }
                }
            },
            "post": {
                "description": "Create a new phone book entry",
                "consumes": [
                    "application/json"
                ],
                "produces": [
                    "application/json"
                ],
                "tags": [
                    "phonebook"
                ],
                "summary": "Create a phone book entry",
                "parameters": [
                    {
                        "type": "string",
                        "description": "Authorization Token",
                        "name": "Authorization",
                        "in": "header",
                        "required": true
                    },
                    {
                        "description": "Phone book entry data",
                        "name": "phoneBook",
                        "in": "body",
                        "required": true,
                        "schema": {
                            "$ref": "#/definitions/handlers.PhoneBookRequest"
                        }
                    }
                ],
                "responses": {
                    "201": {
                        "description": "Created",
                        "schema": {
                            "$ref": "#/definitions/handlers.PhoneBookResponse"
                        }
                    },
                    "400": {
                        "description": "Bad Request",
                        "schema": {
                            "$ref": "#/definitions/handlers.ErrorResponse"
                        }
                    },
                    "500": {
                        "description": "Internal Server Error",
                        "schema": {
                            "$ref": "#/definitions/handlers.ErrorResponse"
                        }
                    }
                }
            }
        },
        "/account/phone-books/phone-book-numbers": {
            "post": {
                "description": "Create a new phone book number",
                "consumes": [
                    "application/json"
                ],
                "produces": [
                    "application/json"
                ],
                "tags": [
                    "PhoneBookNumbers"
                ],
                "summary": "Create a new phone book number",
                "parameters": [
                    {
                        "type": "string",
                        "description": "Authorization Token",
                        "name": "Authorization",
                        "in": "header",
                        "required": true
                    },
                    {
                        "description": "Phone book number object",
                        "name": "phoneBookNumber",
                        "in": "body",
                        "required": true,
                        "schema": {
                            "$ref": "#/definitions/handlers.CreatePhoneBookNumberRequest"
                        }
                    }
                ],
                "responses": {
                    "201": {
                        "description": "Created",
                        "schema": {
                            "$ref": "#/definitions/models.PhoneBookNumber"
                        }
                    },
                    "400": {
                        "description": "Bad Request",
                        "schema": {
                            "type": "string"
                        }
                    },
                    "500": {
                        "description": "Internal Server Error",
                        "schema": {
                            "type": "string"
                        }
                    }
                }
            }
        },
        "/account/phone-books/phone-book-numbers/{phoneBookNumberID}": {
            "get": {
                "description": "Get phone book number by ID",
                "consumes": [
                    "application/json"
                ],
                "produces": [
                    "application/json"
                ],
                "tags": [
                    "PhoneBookNumbers"
                ],
                "summary": "Get phone book number by ID",
                "parameters": [
                    {
                        "type": "string",
                        "description": "Phone book number ID",
                        "name": "phoneBookNumberID",
                        "in": "path",
                        "required": true
                    }
                ],
                "responses": {
                    "200": {
                        "description": "OK",
                        "schema": {
                            "$ref": "#/definitions/models.PhoneBookNumber"
                        }
                    },
                    "404": {
                        "description": "Not Found",
                        "schema": {
                            "type": "string"
                        }
                    },
                    "500": {
                        "description": "Internal Server Error",
                        "schema": {
                            "type": "string"
                        }
                    }
                }
            },
            "put": {
                "description": "Update phone book number",
                "consumes": [
                    "application/json"
                ],
                "produces": [
                    "application/json"
                ],
                "tags": [
                    "PhoneBookNumbers"
                ],
                "summary": "Update phone book number",
                "parameters": [
                    {
                        "type": "string",
                        "description": "Phone book number ID",
                        "name": "phoneBookNumberID",
                        "in": "path",
                        "required": true
                    },
                    {
                        "description": "Phone book number object",
                        "name": "phoneBookNumber",
                        "in": "body",
                        "required": true,
                        "schema": {
                            "$ref": "#/definitions/handlers.UpdatePhoneBookNumberRequest"
                        }
                    }
                ],
                "responses": {
                    "200": {
                        "description": "OK",
                        "schema": {
                            "$ref": "#/definitions/models.PhoneBookNumber"
                        }
                    },
                    "400": {
                        "description": "Bad Request",
                        "schema": {
                            "type": "string"
                        }
                    },
                    "404": {
                        "description": "Not Found",
                        "schema": {
                            "type": "string"
                        }
                    },
                    "500": {
                        "description": "Internal Server Error",
                        "schema": {
                            "type": "string"
                        }
                    }
                }
            },
            "delete": {
                "description": "Delete phone book number",
                "consumes": [
                    "application/json"
                ],
                "produces": [
                    "application/json"
                ],
                "tags": [
                    "PhoneBookNumbers"
                ],
                "summary": "Delete phone book number",
                "parameters": [
                    {
                        "type": "string",
                        "description": "Phone book number ID",
                        "name": "phoneBookNumberID",
                        "in": "path",
                        "required": true
                    }
                ],
                "responses": {
                    "200": {
                        "description": "OK",
                        "schema": {
                            "type": "string"
                        }
                    },
                    "404": {
                        "description": "Not Found",
                        "schema": {
                            "type": "string"
                        }
                    },
                    "500": {
                        "description": "Internal Server Error",
                        "schema": {
                            "type": "string"
                        }
                    }
                }
            }
        },
        "/account/phone-books/{phoneBookID}": {
            "get": {
                "description": "Get a phone book by ID for a given account ID",
                "consumes": [
                    "application/json"
                ],
                "produces": [
                    "application/json"
                ],
                "tags": [
                    "phonebook"
                ],
                "summary": "Get a phone book",
                "parameters": [
                    {
                        "type": "integer",
                        "description": "Phone Book ID",
                        "name": "phoneBookID",
                        "in": "path",
                        "required": true
                    },
                    {
                        "type": "string",
                        "description": "Authorization Token",
                        "name": "Authorization",
                        "in": "header",
                        "required": true
                    }
                ],
                "responses": {
                    "200": {
                        "description": "OK",
                        "schema": {
                            "$ref": "#/definitions/handlers.PhoneBookResponse"
                        }
                    },
                    "404": {
                        "description": "Not Found",
                        "schema": {
                            "type": "string"
                        }
                    },
                    "500": {
                        "description": "Internal Server Error",
                        "schema": {
                            "$ref": "#/definitions/handlers.ErrorResponse"
                        }
                    }
                }
            },
            "delete": {
                "description": "Delete a phone book by ID for a given account ID",
                "consumes": [
                    "application/json"
                ],
                "produces": [
                    "application/json"
                ],
                "tags": [
                    "phonebook"
                ],
                "summary": "Delete a phone book",
                "parameters": [
                    {
                        "type": "string",
                        "description": "Authorization Token",
                        "name": "Authorization",
                        "in": "header",
                        "required": true
                    },
                    {
                        "type": "integer",
                        "description": "Phone Book ID",
                        "name": "phoneBookID",
                        "in": "path",
                        "required": true
                    }
                ],
                "responses": {
                    "200": {
                        "description": "OK",
                        "schema": {
                            "type": "string"
                        }
                    },
                    "404": {
                        "description": "Not Found",
                        "schema": {
                            "type": "string"
                        }
                    },
                    "500": {
                        "description": "Internal Server Error",
                        "schema": {
                            "$ref": "#/definitions/handlers.ErrorResponse"
                        }
                    }
                }
            }
        },
        "/account/phone-books/{phoneBookID}/phone-book-numbers": {
            "get": {
                "description": "Get all phone book numbers for a given PhoneBookID",
                "consumes": [
                    "application/json"
                ],
                "produces": [
                    "application/json"
                ],
                "tags": [
                    "PhoneBookNumbers"
                ],
                "summary": "Get all phone book numbers for a given PhoneBookID",
                "parameters": [
                    {
                        "type": "string",
                        "description": "Phone book ID",
                        "name": "phoneBookID",
                        "in": "path",
                        "required": true
                    },
                    {
                        "type": "string",
                        "description": "Authorization Token",
                        "name": "Authorization",
                        "in": "header",
                        "required": true
                    }
                ],
                "responses": {
                    "200": {
                        "description": "OK",
                        "schema": {
                            "type": "array",
                            "items": {
                                "$ref": "#/definitions/models.PhoneBookNumber"
                            }
                        }
                    },
                    "404": {
                        "description": "Not Found",
                        "schema": {
                            "type": "string"
                        }
                    },
                    "500": {
                        "description": "Internal Server Error",
                        "schema": {
                            "type": "string"
                        }
                    }
                }
            }
        },
        "/account/{accountID}/phone-books/{phoneBookID}": {
            "put": {
                "description": "Update a phone book by ID for a given account ID",
                "consumes": [
                    "application/json"
                ],
                "produces": [
                    "application/json"
                ],
                "tags": [
                    "phonebook"
                ],
                "summary": "Update a phone book",
                "parameters": [
                    {
                        "type": "string",
                        "description": "Authorization Token",
                        "name": "Authorization",
                        "in": "header",
                        "required": true
                    },
                    {
                        "type": "integer",
                        "description": "Phone Book ID",
                        "name": "phoneBookID",
                        "in": "path",
                        "required": true
                    },
                    {
                        "description": "Phone Book object",
                        "name": "phoneBook",
                        "in": "body",
                        "required": true,
                        "schema": {
                            "$ref": "#/definitions/handlers.PhoneBookRequest"
                        }
                    }
                ],
                "responses": {
                    "200": {
                        "description": "OK",
                        "schema": {
                            "$ref": "#/definitions/handlers.PhoneBookResponse"
                        }
                    },
                    "400": {
                        "description": "Bad Request",
                        "schema": {
                            "$ref": "#/definitions/handlers.ErrorResponse"
                        }
                    },
                    "404": {
                        "description": "Not Found",
                        "schema": {
                            "type": "string"
                        }
                    },
                    "500": {
                        "description": "Internal Server Error",
                        "schema": {
                            "$ref": "#/definitions/handlers.ErrorResponse"
                        }
                    }
                }
            }
        },
        "/accounts/budget": {
            "get": {
                "security": [
                    {
                        "ApiKeyAuth": []
                    }
                ],
                "description": "Get the budget amount for the logged-in user",
                "produces": [
                    "application/json"
                ],
                "tags": [
                    "users"
                ],
                "summary": "Get budget amount",
                "parameters": [
                    {
                        "type": "string",
                        "description": "User Token",
                        "name": "Authorization",
                        "in": "header",
                        "required": true
                    }
                ],
                "responses": {
                    "200": {
                        "description": "OK",
                        "schema": {
                            "$ref": "#/definitions/handlers.BudgetAmountResponse"
                        }
                    },
                    "401": {
                        "description": "Unauthorized",
                        "schema": {
                            "type": "string"
                        }
                    }
                }
            }
        },
        "/accounts/buy-number": {
            "post": {
                "description": "Buy available number for this account",
                "consumes": [
                    "application/json"
                ],
                "produces": [
                    "application/json"
                ],
                "tags": [
                    "users"
                ],
                "summary": "Buy number",
                "parameters": [
                    {
                        "description": "Get sender number and subscription package.",
                        "name": "body",
                        "in": "body",
                        "required": true,
                        "schema": {
                            "$ref": "#/definitions/handlers.BuyNumberRequest"
                        }
                    }
                ],
                "responses": {
                    "200": {
                        "description": "OK",
                        "schema": {
                            "$ref": "#/definitions/models.Response"
                        }
                    },
                    "204": {
                        "description": "No Content",
                        "schema": {
                            "$ref": "#/definitions/handlers.ErrorResponse"
                        }
                    },
                    "400": {
                        "description": "Bad Request",
                        "schema": {
                            "$ref": "#/definitions/handlers.ErrorResponse"
                        }
                    },
                    "500": {
                        "description": "Internal Server Error",
                        "schema": {
                            "$ref": "#/definitions/handlers.ErrorResponse"
                        }
                    }
                }
            }
        },
        "/accounts/login": {
            "post": {
                "description": "Login with username and password",
                "consumes": [
                    "application/json"
                ],
                "produces": [
                    "application/json"
                ],
                "tags": [
                    "users"
                ],
                "summary": "User login",
                "parameters": [
                    {
                        "description": "Login request body",
                        "name": "body",
                        "in": "body",
                        "required": true,
                        "schema": {
                            "$ref": "#/definitions/handlers.LoginRequest"
                        }
                    }
                ],
                "responses": {
                    "200": {
                        "description": "OK",
                        "schema": {
                            "$ref": "#/definitions/handlers.AccountResponse"
                        }
                    },
                    "400": {
                        "description": "Bad Request",
                        "schema": {
                            "$ref": "#/definitions/handlers.ErrorResponseRegisterLogin"
                        }
                    },
                    "422": {
                        "description": "Unprocessable Entity",
                        "schema": {
                            "$ref": "#/definitions/handlers.ErrorResponseRegisterLogin"
                        }
                    }
                }
            }
        },
        "/accounts/payment/request": {
            "post": {
                "description": "Zarinpal Payment to add budget to account",
                "consumes": [
                    "application/json"
                ],
                "produces": [
                    "application/json"
                ],
                "tags": [
                    "payment"
                ],
                "summary": "Add budget request",
                "parameters": [
                    {
                        "type": "string",
                        "description": "User Token",
                        "name": "Authorization",
                        "in": "header",
                        "required": true
                    },
                    {
                        "description": "Payment request details",
                        "name": "body",
                        "in": "body",
                        "required": true,
                        "schema": {
                            "$ref": "#/definitions/handlers.AmountFee"
                        }
                    }
                ],
                "responses": {
                    "200": {
                        "description": "OK",
                        "schema": {
                            "$ref": "#/definitions/handlers.RequestResponse"
                        }
                    },
                    "400": {
                        "description": "Bad Request",
                        "schema": {
                            "$ref": "#/definitions/handlers.ErrorResponse"
                        }
                    },
                    "422": {
                        "description": "Unprocessable Entity",
                        "schema": {
                            "$ref": "#/definitions/handlers.ErrorResponse"
                        }
                    },
                    "500": {
                        "description": "Internal Server Error",
                        "schema": {
                            "$ref": "#/definitions/handlers.ErrorResponse"
                        }
                    }
                }
            }
        },
        "/accounts/payment/verify": {
            "get": {
                "description": "Verify Zarinpal Payment to add budget to account",
                "consumes": [
                    "application/json"
                ],
                "produces": [
                    "application/json"
                ],
                "tags": [
                    "payment"
                ],
                "summary": "Verify budget payment and add budget",
                "parameters": [
                    {
                        "type": "string",
                        "description": "User Token",
                        "name": "Authorization",
                        "in": "header",
                        "required": true
                    },
                    {
                        "description": "Payment verify details",
                        "name": "body",
                        "in": "body",
                        "required": true,
                        "schema": {
                            "$ref": "#/definitions/handlers.VerifyResponse"
                        }
                    }
                ],
                "responses": {
                    "200": {
                        "description": "OK",
                        "schema": {
                            "type": "string"
                        }
                    },
                    "400": {
                        "description": "Bad Request",
                        "schema": {
                            "type": "string"
                        }
                    },
                    "422": {
                        "description": "Unprocessable Entity",
                        "schema": {
                            "type": "string"
                        }
                    },
                    "500": {
                        "description": "Internal Server Error",
                        "schema": {
                            "type": "string"
                        }
                    }
                }
            }
        },
        "/accounts/register": {
            "post": {
                "description": "Register a new user with the provided information",
                "consumes": [
                    "application/json"
                ],
                "produces": [
                    "application/json"
                ],
                "tags": [
                    "users"
                ],
                "summary": "Register a new user",
                "parameters": [
                    {
                        "description": "User registration details",
                        "name": "body",
                        "in": "body",
                        "required": true,
                        "schema": {
                            "$ref": "#/definitions/handlers.UserCreateRequest"
                        }
                    }
                ],
                "responses": {
                    "200": {
                        "description": "OK",
                        "schema": {
                            "$ref": "#/definitions/handlers.AccountResponse"
                        }
                    },
                    "400": {
                        "description": "Bad Request",
                        "schema": {
                            "$ref": "#/definitions/handlers.ErrorResponseRegisterLogin"
                        }
                    },
                    "422": {
                        "description": "Unprocessable Entity",
                        "schema": {
                            "$ref": "#/definitions/handlers.ErrorResponseRegisterLogin"
                        }
                    },
                    "500": {
                        "description": "Internal Server Error",
                        "schema": {
                            "$ref": "#/definitions/handlers.ErrorResponseRegisterLogin"
                        }
                    }
                }
            }
        },
        "/accounts/rent-number": {
            "post": {
                "description": "Rent available number for this account",
                "consumes": [
                    "application/json"
                ],
                "produces": [
                    "application/json"
                ],
                "tags": [
                    "users"
                ],
                "summary": "Rent number",
                "parameters": [
                    {
                        "description": "Get sender number and subscription package.",
                        "name": "body",
                        "in": "body",
                        "required": true,
                        "schema": {
                            "$ref": "#/definitions/handlers.RentNumberRequest"
                        }
                    }
                ],
                "responses": {
                    "200": {
                        "description": "OK",
                        "schema": {
                            "$ref": "#/definitions/models.Response"
                        }
                    },
                    "204": {
                        "description": "No Content",
                        "schema": {
                            "$ref": "#/definitions/handlers.ErrorResponse"
                        }
                    },
                    "400": {
                        "description": "Bad Request",
                        "schema": {
                            "$ref": "#/definitions/handlers.ErrorResponse"
                        }
                    },
                    "500": {
                        "description": "Internal Server Error",
                        "schema": {
                            "$ref": "#/definitions/handlers.ErrorResponse"
                        }
                    }
                }
            }
        },
        "/accounts/sender-numbers": {
            "get": {
                "security": [
                    {
                        "ApiKeyAuth": []
                    }
                ],
                "description": "retrieves All sender numbers available for the account",
                "produces": [
                    "application/json"
                ],
                "tags": [
                    "users"
                ],
                "summary": "Get All sender numbers",
                "responses": {
                    "200": {
                        "description": "OK",
                        "schema": {
                            "$ref": "#/definitions/handlers.SenderNumbersResponse"
                        }
                    },
                    "401": {
                        "description": "Unauthorized",
                        "schema": {
                            "type": "string"
                        }
                    }
                }
            }
        },
        "/accounts/sender-numbers/sale": {
            "get": {
                "security": [
                    {
                        "ApiKeyAuth": []
                    }
                ],
                "description": "retrieves All sender numbers available for sale",
                "produces": [
                    "application/json"
                ],
                "tags": [
                    "users"
                ],
                "summary": "Get All sender numbers for sale",
                "responses": {
                    "200": {
                        "description": "OK",
                        "schema": {
                            "$ref": "#/definitions/handlers.SenderNumbersResponse"
                        }
                    },
                    "401": {
                        "description": "Unauthorized",
                        "schema": {
                            "type": "string"
                        }
                    }
                }
            }
        },
        "/admin/activate/{id}": {
            "patch": {
                "security": [
                    {
                        "ApiKeyAuth": []
                    }
                ],
                "description": "Activates the specified account.",
                "consumes": [
                    "application/json"
                ],
                "produces": [
                    "application/json"
                ],
                "tags": [
                    "admin"
                ],
                "summary": "Activate Account",
                "parameters": [
                    {
                        "type": "integer",
                        "description": "Account ID",
                        "name": "id",
                        "in": "path",
                        "required": true
                    },
                    {
                        "type": "string",
                        "description": "Authorization header with Bearer token",
                        "name": "Authorization",
                        "in": "header",
                        "required": true
                    }
                ],
                "responses": {
                    "200": {
                        "description": "OK",
                        "schema": {
                            "$ref": "#/definitions/models.Response"
                        }
                    },
                    "400": {
                        "description": "Bad Request",
                        "schema": {
                            "$ref": "#/definitions/models.Response"
                        }
                    },
                    "422": {
                        "description": "Unprocessable Entity",
                        "schema": {
                            "$ref": "#/definitions/models.Response"
                        }
                    }
                }
            }
        },
        "/admin/add-bad-word/{word}": {
            "post": {
                "security": [
                    {
                        "ApiKeyAuth": []
                    }
                ],
                "description": "Add a new bad word to the database",
                "consumes": [
                    "application/json"
                ],
                "produces": [
                    "application/json"
                ],
                "tags": [
                    "admin"
                ],
                "summary": "Add a bad word",
                "parameters": [
                    {
                        "type": "string",
                        "description": "Word to add as a bad word",
                        "name": "word",
                        "in": "path",
                        "required": true
                    },
                    {
                        "type": "string",
                        "description": "Authorization header with Bearer token",
                        "name": "Authorization",
                        "in": "header",
                        "required": true
                    }
                ],
                "responses": {
                    "200": {
                        "description": "OK",
                        "schema": {
                            "$ref": "#/definitions/models.Bad_Word"
                        }
                    },
                    "422": {
                        "description": "Unprocessable Entity",
                        "schema": {
                            "$ref": "#/definitions/models.Response"
                        }
                    },
                    "500": {
                        "description": "Internal Server Error",
                        "schema": {
                            "$ref": "#/definitions/models.Response"
                        }
                    },
                    "502": {
                        "description": "Bad Gateway",
                        "schema": {
                            "$ref": "#/definitions/models.Response"
                        }
                    }
                }
            }
        },
        "/admin/add-config": {
            "post": {
                "security": [
                    {
                        "ApiKeyAuth": []
                    }
                ],
                "description": "Create a new configuration entry",
                "consumes": [
                    "application/json"
                ],
                "produces": [
                    "application/json"
                ],
                "tags": [
                    "admin"
                ],
                "summary": "Create Configuration",
                "parameters": [
                    {
                        "description": "Configuration object to be added",
                        "name": "config",
                        "in": "body",
                        "required": true,
                        "schema": {
                            "$ref": "#/definitions/handlers.ConfigurationRequest"
                        }
                    },
                    {
                        "type": "string",
                        "description": "Authorization header with Bearer token",
                        "name": "Authorization",
                        "in": "header",
                        "required": true
                    }
                ],
                "responses": {
                    "200": {
                        "description": "OK",
                        "schema": {
                            "$ref": "#/definitions/models.Response"
                        }
                    },
                    "400": {
                        "description": "Bad Request",
                        "schema": {
                            "$ref": "#/definitions/models.Response"
                        }
                    },
                    "401": {
                        "description": "Unauthorized",
                        "schema": {
                            "$ref": "#/definitions/models.Response"
                        }
                    },
                    "422": {
                        "description": "Unprocessable Entity",
                        "schema": {
                            "$ref": "#/definitions/models.Response"
                        }
                    },
                    "500": {
                        "description": "Internal Server Error",
                        "schema": {
                            "$ref": "#/definitions/models.Response"
                        }
                    }
                }
            }
        },
        "/admin/deactivate/{id}": {
            "patch": {
                "security": [
                    {
                        "ApiKeyAuth": []
                    }
                ],
                "description": "Deactivates the specified account.",
                "consumes": [
                    "application/json"
                ],
                "produces": [
                    "application/json"
                ],
                "tags": [
                    "admin"
                ],
                "summary": "Deactivate Account",
                "parameters": [
                    {
                        "type": "integer",
                        "description": "Account ID",
                        "name": "id",
                        "in": "path",
                        "required": true
                    },
                    {
                        "type": "string",
                        "description": "Authorization header with Bearer token",
                        "name": "Authorization",
                        "in": "header",
                        "required": true
                    }
                ],
                "responses": {
                    "200": {
                        "description": "OK",
                        "schema": {
                            "$ref": "#/definitions/models.Response"
                        }
                    },
                    "400": {
                        "description": "Bad Request",
                        "schema": {
                            "$ref": "#/definitions/models.Response"
                        }
                    },
                    "422": {
                        "description": "Unprocessable Entity",
                        "schema": {
                            "$ref": "#/definitions/models.Response"
                        }
                    }
                }
            }
        },
        "/admin/login": {
            "post": {
                "description": "Logs in an admin user.",
                "consumes": [
                    "application/json"
                ],
                "produces": [
                    "application/json"
                ],
                "tags": [
                    "admin"
                ],
                "summary": "Admin login",
                "parameters": [
                    {
                        "description": "Login Request Body",
                        "name": "body",
                        "in": "body",
                        "required": true,
                        "schema": {
                            "$ref": "#/definitions/handlers.LoginRequest"
                        }
                    }
                ],
                "responses": {
                    "200": {
                        "description": "OK",
                        "schema": {
                            "$ref": "#/definitions/handlers.AccountResponse"
                        }
                    },
                    "422": {
                        "description": "Unprocessable Entity",
                        "schema": {
                            "$ref": "#/definitions/handlers.ErrorResponseRegisterLogin"
                        }
                    }
                }
            }
        },
        "/admin/register": {
            "post": {
                "security": [
                    {
                        "ApiKeyAuth": []
                    }
                ],
                "description": "Register a new admin with the provided details",
                "consumes": [
                    "application/json"
                ],
                "produces": [
                    "application/json"
                ],
                "tags": [
                    "admin"
                ],
                "summary": "Register a new admin",
                "parameters": [
                    {
                        "type": "string",
                        "description": "User Token",
                        "name": "Authorization",
                        "in": "header",
                        "required": true
                    },
                    {
                        "description": "Admin registration details",
                        "name": "adminRegistrationRequest",
                        "in": "body",
                        "required": true,
                        "schema": {
                            "$ref": "#/definitions/handlers.AdminRegistrationRequest"
                        }
                    }
                ],
                "responses": {
                    "200": {
                        "description": "Admin account created successfully",
                        "schema": {
                            "$ref": "#/definitions/handlers.AccountResponse"
                        }
                    },
                    "422": {
                        "description": "Username already exists",
                        "schema": {
                            "$ref": "#/definitions/handlers.ErrorResponse"
                        }
                    },
                    "500": {
                        "description": "User creation failed",
                        "schema": {
                            "$ref": "#/definitions/handlers.ErrorResponse"
                        }
                    },
                    "502": {
                        "description": "Can't connect to the database",
                        "schema": {
                            "$ref": "#/definitions/handlers.ErrorResponse"
                        }
                    }
                }
            }
        },
        "/admin/search/{word}": {
            "get": {
                "security": [
                    {
                        "ApiKeyAuth": []
                    }
                ],
                "description": "Search for SMS messages containing a specific word",
                "consumes": [
                    "application/json"
                ],
                "produces": [
                    "application/json"
                ],
                "tags": [
                    "admin"
                ],
                "summary": "Search SMS Messages",
                "parameters": [
                    {
                        "type": "string",
                        "description": "Word to search for in SMS messages",
                        "name": "word",
                        "in": "path",
                        "required": true
                    },
                    {
                        "type": "string",
                        "description": "Authorization header with Bearer token",
                        "name": "Authorization",
                        "in": "header",
                        "required": true
                    }
                ],
                "responses": {
                    "200": {
                        "description": "OK",
                        "schema": {
                            "type": "object",
                            "additionalProperties": {
                                "type": "string"
                            }
                        }
                    },
                    "401": {
                        "description": "Unauthorized",
                        "schema": {
                            "$ref": "#/definitions/models.Response"
                        }
                    },
                    "500": {
                        "description": "Internal Server Error",
                        "schema": {
                            "$ref": "#/definitions/models.Response"
                        }
                    }
                }
            }
        },
        "/admin/sms-report": {
            "get": {
                "security": [
                    {
                        "ApiKeyAuth": []
                    }
                ],
                "description": "Retrieve the SMS report with the number of messages per account",
                "produces": [
                    "application/json"
                ],
                "tags": [
                    "admin"
                ],
                "summary": "Get SMS Report",
                "parameters": [
                    {
                        "type": "string",
                        "description": "Authorization header with Bearer token",
                        "name": "Authorization",
                        "in": "header",
                        "required": true
                    }
                ],
                "responses": {
                    "200": {
                        "description": "OK",
                        "schema": {
                            "type": "object",
                            "additionalProperties": {
                                "type": "integer"
                            }
                        }
                    },
                    "401": {
                        "description": "Unauthorized",
                        "schema": {
                            "$ref": "#/definitions/models.Response"
                        }
                    },
                    "500": {
                        "description": "Internal Server Error",
                        "schema": {
                            "$ref": "#/definitions/models.Response"
                        }
                    }
                }
            }
        },
        "/sms/periodic": {
            "post": {
                "security": [
                    {
                        "ApiKeyAuth": []
                    }
                ],
                "description": "Send periodic SMS messages with specified schedule and interval",
                "consumes": [
                    "application/json"
                ],
                "produces": [
                    "application/json"
                ],
                "tags": [
                    "messages"
                ],
                "summary": "Send periodic SMS messages",
                "parameters": [
                    {
                        "type": "string",
                        "description": "Authorization Token",
                        "name": "Authorization",
                        "in": "header",
                        "required": true
                    },
                    {
                        "description": "SMS message details",
                        "name": "sendSMSRequestPeriodic",
                        "in": "body",
                        "required": true,
                        "schema": {
                            "$ref": "#/definitions/handlers.SendSMSRequestPeriodic"
                        }
                    }
                ],
                "responses": {
                    "200": {
                        "description": "SMS scheduled successfully",
                        "schema": {
                            "type": "string"
                        }
                    },
                    "400": {
                        "description": "Insufficient budget",
                        "schema": {
                            "type": "string"
                        }
                    },
                    "500": {
                        "description": "Internal server error",
                        "schema": {
                            "type": "string"
                        }
                    }
                }
            }
        },
        "/sms/phonebooks": {
            "post": {
                "description": "Send sms to phone books numbers",
                "consumes": [
                    "application/json"
                ],
                "produces": [
                    "application/json"
                ],
                "tags": [
                    "messages"
                ],
                "summary": "Send sms to phone books numbers",
                "parameters": [
                    {
                        "type": "string",
                        "description": "Authorization Token",
                        "name": "Authorization",
                        "in": "header",
                        "required": true
                    },
                    {
                        "description": "Phone books sms details.",
                        "name": "body",
                        "in": "body",
                        "required": true,
                        "schema": {
                            "$ref": "#/definitions/handlers.SendSMessageToPhoneBooksBody"
                        }
                    }
                ],
                "responses": {
                    "200": {
                        "description": "OK",
                        "schema": {
                            "$ref": "#/definitions/handlers.SendSMSResponse"
                        }
                    },
                    "204": {
                        "description": "No Content",
                        "schema": {
                            "$ref": "#/definitions/handlers.ErrorResponse"
                        }
                    },
                    "400": {
                        "description": "Bad Request",
                        "schema": {
                            "$ref": "#/definitions/handlers.ErrorResponse"
                        }
                    },
                    "500": {
                        "description": "Internal Server Error",
                        "schema": {
                            "$ref": "#/definitions/handlers.ErrorResponse"
                        }
                    }
                }
            }
        },
        "/sms/single": {
            "post": {
                "security": [
                    {
                        "ApiKeyAuth": []
                    }
                ],
                "description": "Send a single SMS message",
                "consumes": [
                    "application/json"
                ],
                "produces": [
                    "application/json"
                ],
                "tags": [
                    "messages"
                ],
                "summary": "Send a single SMS message",
                "parameters": [
                    {
                        "type": "string",
                        "description": "Authorization Token",
                        "name": "Authorization",
                        "in": "header",
                        "required": true
                    },
                    {
                        "description": "SMS message details",
                        "name": "sendSMSRequest",
                        "in": "body",
                        "required": true,
                        "schema": {
                            "$ref": "#/definitions/handlers.SendSMSRequest"
                        }
                    }
                ],
                "responses": {
                    "200": {
                        "description": "OK",
                        "schema": {
                            "$ref": "#/definitions/handlers.SendSMSResponse"
                        }
                    },
                    "400": {
                        "description": "Bad Request",
                        "schema": {
                            "$ref": "#/definitions/handlers.ErrorResponseSingle"
                        }
                    },
                    "401": {
                        "description": "Unauthorized",
                        "schema": {
                            "type": "string"
                        }
                    },
                    "403": {
                        "description": "Forbidden",
                        "schema": {
                            "$ref": "#/definitions/handlers.ErrorResponseSingle"
                        }
                    },
                    "404": {
                        "description": "Not Found",
                        "schema": {
                            "$ref": "#/definitions/handlers.ErrorResponseSingle"
                        }
                    },
                    "500": {
                        "description": "Internal Server Error",
                        "schema": {
                            "$ref": "#/definitions/handlers.ErrorResponseSingle"
                        }
                    }
                }
            }
        }
    },
    "definitions": {
        "handlers.AccountResponse": {
            "type": "object",
            "properties": {
                "Budget": {
                    "type": "integer"
                },
                "ID": {
                    "type": "integer"
                },
                "IsActive": {
                    "type": "boolean"
                },
                "Password": {
                    "type": "string"
                },
                "Token": {
                    "type": "string"
                },
                "UserID": {
                    "type": "integer"
                },
                "Username": {
                    "type": "string"
                }
            }
        },
        "handlers.AdminRegistrationRequest": {
            "type": "object",
            "properties": {
                "email": {
                    "type": "string"
                },
                "firstname": {
                    "type": "string"
                },
                "lastname": {
                    "type": "string"
                },
                "nationalid": {
                    "type": "string"
                },
                "password": {
                    "type": "string"
                },
                "phone": {
                    "type": "string"
                },
                "username": {
                    "type": "string"
                }
            }
        },
        "handlers.AmountFee": {
            "type": "object",
            "properties": {
                "fee": {
                    "type": "integer"
                }
            }
        },
        "handlers.BudgetAmountResponse": {
            "type": "object",
            "properties": {
                "amount": {
                    "type": "integer"
                }
            }
        },
        "handlers.BuyNumberRequest": {
            "type": "object",
            "properties": {
                "senderNumber": {
                    "type": "string"
                }
            }
        },
        "handlers.ConfigurationRequest": {
            "type": "object",
            "properties": {
                "name": {
                    "type": "string",
                    "example": "config_name"
                },
                "value": {
                    "type": "number",
                    "example": 42
                }
            }
        },
        "handlers.CreatePhoneBookNumberRequest": {
            "type": "object",
            "properties": {
                "name": {
                    "type": "string"
                },
                "phone": {
                    "type": "string"
                },
                "phoneBookID": {
                    "type": "integer"
                },
                "prefix": {
                    "type": "string"
                },
                "username": {
                    "type": "string"
                }
            }
        },
        "handlers.ErrorResponse": {
            "type": "object",
            "properties": {
                "message": {
                    "type": "string"
                }
            }
        },
        "handlers.ErrorResponseRegisterLogin": {
            "type": "object",
            "properties": {
                "message": {
                    "type": "string"
                },
                "responsecode": {
                    "type": "integer"
                }
            }
        },
        "handlers.ErrorResponseSingle": {
            "type": "object",
            "properties": {
                "code": {
                    "type": "integer"
                },
                "message": {
                    "type": "string"
                }
            }
        },
        "handlers.LoginRequest": {
            "type": "object",
            "properties": {
                "password": {
                    "type": "string"
                },
                "username": {
                    "type": "string"
                }
            }
        },
        "handlers.PhoneBookRequest": {
            "type": "object",
            "required": [
                "name"
            ],
            "properties": {
                "name": {
                    "type": "string"
                }
            }
        },
        "handlers.PhoneBookResponse": {
            "type": "object",
            "properties": {
                "accountID": {
                    "type": "integer"
                },
                "id": {
                    "type": "integer"
                },
                "name": {
                    "type": "string"
                }
            }
        },
        "handlers.RentNumberRequest": {
            "type": "object",
            "properties": {
                "SubscriptionNumberPackage": {
                    "type": "string"
                },
                "senderNumber": {
                    "type": "string"
                }
            }
        },
        "handlers.RequestResponse": {
            "type": "object",
            "properties": {
                "payment_url": {
                    "type": "string"
                }
            }
        },
        "handlers.SendSMSRequest": {
            "type": "object",
            "required": [
                "senderNumbers"
            ],
            "properties": {
                "message": {
                    "type": "string",
                    "example": "Hello, World!"
                },
                "phone_number": {
                    "type": "string",
                    "example": "1234567890"
                },
                "senderNumbers": {
                    "type": "string"
                },
                "username": {
                    "type": "string",
                    "example": "johndoe"
                }
            }
        },
        "handlers.SendSMSRequestPeriodic": {
            "type": "object",
            "required": [
                "senderNumbers"
            ],
            "properties": {
                "interval": {
                    "type": "string"
                },
                "message": {
                    "type": "string"
                },
                "phone": {
                    "type": "string"
                },
                "phone_book_id": {
                    "type": "string"
                },
                "schedule": {
                    "type": "string"
                },
                "senderNumbers": {
                    "type": "string"
                },
                "username": {
                    "type": "string"
                }
            }
        },
        "handlers.SendSMSResponse": {
            "type": "object",
            "properties": {
                "message": {
                    "type": "string",
                    "example": "SMS sent successfully"
                }
            }
        },
        "handlers.SendSMessageToPhoneBooksBody": {
            "type": "object",
            "required": [
                "message",
                "phoneBooks",
                "senderNumbers"
            ],
            "properties": {
                "message": {
                    "type": "string"
                },
                "phoneBooks": {
                    "type": "array",
                    "items": {
                        "type": "string"
                    }
                },
                "senderNumbers": {
                    "type": "string"
                }
            }
        },
        "handlers.SenderNumbersResponse": {
            "type": "object",
            "properties": {
                "numbers": {
                    "type": "array",
                    "items": {
                        "type": "string"
                    }
                }
            }
        },
        "handlers.UpdatePhoneBookNumberRequest": {
            "type": "object",
            "properties": {
                "name": {
                    "type": "string"
                },
                "phone": {
                    "type": "string"
                },
                "prefix": {
                    "type": "string"
                }
            }
        },
        "handlers.UserCreateRequest": {
            "type": "object",
            "properties": {
                "email": {
                    "type": "string"
                },
                "firstname": {
                    "type": "string"
                },
                "lastname": {
                    "type": "string"
                },
                "nationalid": {
                    "type": "string"
                },
                "password": {
                    "type": "string"
                },
                "phone": {
                    "type": "string"
                },
                "username": {
                    "type": "string"
                }
            }
        },
        "handlers.VerifyResponse": {
            "type": "object",
            "properties": {
                "Authority": {
                    "type": "string"
                },
                "Status": {
                    "type": "string"
                }
            }
        },
        "models.Bad_Word": {
            "type": "object",
            "properties": {
                "id": {
                    "type": "integer"
                },
                "regex": {
                    "type": "string"
                },
                "word": {
                    "type": "string"
                }
            }
        },
        "models.PhoneBook": {
            "type": "object",
            "properties": {
                "accountID": {
                    "type": "integer"
                },
                "id": {
                    "type": "integer"
                },
                "name": {
                    "type": "string"
                }
            }
        },
        "models.PhoneBookNumber": {
            "type": "object",
            "properties": {
                "id": {
                    "type": "integer"
                },
                "name": {
                    "type": "string"
                },
                "phone": {
                    "type": "string"
                },
                "phoneBook": {
                    "$ref": "#/definitions/models.PhoneBook"
                },
                "phoneBookID": {
                    "type": "integer"
                },
                "prefix": {
                    "type": "string"
                },
                "username": {
                    "type": "string"
                }
            }
        },
        "models.Response": {
            "type": "object",
            "properties": {
                "message": {
                    "type": "string"
                },
                "responsecode": {
                    "type": "integer"
                }
            }
        }
    }
}